[
    {
       "id":"1",
       "location_name":"Florence 1",
       "lng":"11.3818359375",
       "lat":"43.691707903073805"
    },
    {
       "id":"2",
       "location_name":"near ponte a Poopi",
       "lng":"11.6015625",
       "lat":"42.65012181368022"
    },
    {
       "id":"3",
       "location_name":"near pitigilano",
       "lng":"13.1396484375",
       "lat":"43.24520272203356"
    },
    {
       "id":"4",
       "location_name":"Seripola",
       "lng":"13.4912109375",
       "lat":"41.82045509614034"
    },
    {
       "id":"5",
       "location_name":"Morino",
       "lng":"16.19384765625",
       "lat":"40.39676430557203"
    }
 ]